entity_name,date,posts_in_day,interactions_in_day,cumulative_posts,cumulative_interactions_thousands
alenaschillerov,2021-08-11,12,476,1325,53.7
AndrejBabis,2021-08-11,3,269,770,129.4
KarelHavlicek_,2021-08-11,4,293,737,35.5
tomio_cz,2021-08-11,3,131,971,50.2
alenaschillerov,2021-08-10,10,470,1313,53.2
KarelHavlicek_,2021-08-10,2,288,733,35.2
tomio_cz,2021-08-10,2,38,968,50.1
alenaschillerov,2021-08-09,18,1718,1303,52.8
AndrejBabis,2021-08-09,18,1965,767,129.1
jhamacek,2021-08-09,3,333,374,56.4
KarelHavlicek_,2021-08-09,3,217,731,34.9
tomio_cz,2021-08-09,9,636,966,50
Vit_Rakusan,2021-08-09,3,1808,221,111.6
alenaschillerov,2021-08-08,24,1070,1285,51
AndrejBabis,2021-08-08,16,3279,749,127.2
KarelHavlicek_,2021-08-08,4,131,728,34.7
Vit_Rakusan,2021-08-08,4,792,218,109.8
alenaschillerov,2021-08-07,20,528,1261,50
AndrejBabis,2021-08-07,8,2242,733,123.9
jhamacek,2021-08-07,4,362,371,56
KarelHavlicek_,2021-08-07,4,297,724,34.6
tomio_cz,2021-08-07,12,614,957,49.4
Vit_Rakusan,2021-08-07,12,8356,214,109
alenaschillerov,2021-08-06,8,304,1241,49.4
AndrejBabis,2021-08-06,4,1574,725,121.7
jhamacek,2021-08-06,12,192,367,55.7
KarelHavlicek_,2021-08-06,36,2501,720,34.3
tomio_cz,2021-08-06,28,549,945,48.8
alenaschillerov,2021-08-05,20,376,1233,49.1
AndrejBabis,2021-08-05,44,5280,721,120.1
jhamacek,2021-08-05,4,264,355,55.5
KarelHavlicek_,2021-08-05,44,2085,684,31.8
tomio_cz,2021-08-05,20,1341,917,48.2
Vit_Rakusan,2021-08-05,8,6702,202,100.6
alenaschillerov,2021-08-04,16,368,1213,48.8
AndrejBabis,2021-08-04,12,967,677,114.8
jhamacek,2021-08-04,8,801,351,55.2
KarelHavlicek_,2021-08-04,8,2070,640,29.7
tomio_cz,2021-08-04,32,1518,897,46.9
vojtafilip,2021-08-04,4,88,81,6.9
alenaschillerov,2021-08-03,12,1116,1197,48.4
AndrejBabis,2021-08-03,8,1359,665,113.8
KarelHavlicek_,2021-08-03,16,875,632,27.6
tomio_cz,2021-08-03,12,218,865,45.4
vojtafilip,2021-08-03,12,1234,77,6.8
alenaschillerov,2021-08-02,40,1163,1185,47.3
AndrejBabis,2021-08-02,12,1466,657,112.5
jhamacek,2021-08-02,5,349,343,54.4
KarelHavlicek_,2021-08-02,35,2115,616,26.7
tomio_cz,2021-08-02,30,2259,853,45.2
Vit_Rakusan,2021-08-02,10,4254,194,93.9
alenaschillerov,2021-08-01,3,96,1145,46.1
AndrejBabis,2021-08-01,8,1121,645,111
KarelHavlicek_,2021-08-01,4,201,581,24.6
tomio_cz,2021-08-01,3,126,823,42.9
vojtafilip,2021-08-01,1,198,65,5.6
alenaschillerov,2021-07-31,4,180,1142,46
AndrejBabis,2021-07-31,3,892,637,109.9
KarelHavlicek_,2021-07-31,2,81,577,24.4
tomio_cz,2021-07-31,3,291,820,42.8
alenaschillerov,2021-07-30,7,330,1138,45.8
AndrejBabis,2021-07-30,12,1132,634,109
jhamacek,2021-07-30,3,326,338,54
KarelHavlicek_,2021-07-30,2,66,575,24.3
tomio_cz,2021-07-30,6,419,817,42.5
alenaschillerov,2021-07-29,8,205,1131,45.5
AndrejBabis,2021-07-29,7,830,622,107.9
KarelHavlicek_,2021-07-29,3,224,573,24.3
tomio_cz,2021-07-29,5,347,811,42.1
alenaschillerov,2021-07-28,14,372,1123,45.3
AndrejBabis,2021-07-28,2,385,615,107
jhamacek,2021-07-28,1,135,335,53.7
KarelHavlicek_,2021-07-28,1,57,570,24
tomio_cz,2021-07-28,9,109,806,41.7
Vit_Rakusan,2021-07-28,1,84,184,89.7
vojtafilip,2021-07-28,1,75,64,5.4
alenaschillerov,2021-07-27,5,86,1109,44.9
AndrejBabis,2021-07-27,6,532,613,106.7
jhamacek,2021-07-27,1,95,334,53.6
KarelHavlicek_,2021-07-27,9,209,569,24
tomio_cz,2021-07-27,7,463,797,41.6
vojtafilip,2021-07-27,1,36,63,5.3
alenaschillerov,2021-07-26,12,266,1104,44.8
AndrejBabis,2021-07-26,6,735,607,106.1
KarelHavlicek_,2021-07-26,10,391,560,23.8
tomio_cz,2021-07-26,4,372,790,41.1
alenaschillerov,2021-07-25,5,166,1092,44.6
AndrejBabis,2021-07-25,13,749,601,105.4
KarelHavlicek_,2021-07-25,2,181,550,23.4
tomio_cz,2021-07-25,5,466,786,40.8
alenaschillerov,2021-07-24,3,56,1087,44.4
AndrejBabis,2021-07-24,1,174,588,104.6
KarelHavlicek_,2021-07-24,6,193,548,23.2
tomio_cz,2021-07-24,5,304,781,40.3
Vit_Rakusan,2021-07-24,1,138,183,89.6
alenaschillerov,2021-07-23,7,139,1084,44.4
AndrejBabis,2021-07-23,3,527,587,104.5
KarelHavlicek_,2021-07-23,1,42,542,23
tomio_cz,2021-07-23,1,11,776,40
Vit_Rakusan,2021-07-23,6,728,182,89.4
alenaschillerov,2021-07-22,10,226,1077,44.2
AndrejBabis,2021-07-22,7,342,584,103.9
jhamacek,2021-07-22,4,674,333,53.5
KarelHavlicek_,2021-07-22,7,294,541,23
tomio_cz,2021-07-22,1,262,775,40
vojtafilip,2021-07-22,2,34,62,5.3
alenaschillerov,2021-07-21,8,179,1067,44
AndrejBabis,2021-07-21,10,948,577,103.6
jhamacek,2021-07-21,1,249,329,52.8
KarelHavlicek_,2021-07-21,4,104,534,22.7
tomio_cz,2021-07-21,3,394,774,39.7
alenaschillerov,2021-07-20,10,190,1059,43.8
AndrejBabis,2021-07-20,12,769,567,102.6
jhamacek,2021-07-20,2,52,328,52.6
KarelHavlicek_,2021-07-20,4,150,530,22.6
tomio_cz,2021-07-20,1,12,771,39.3
Vit_Rakusan,2021-07-20,2,543,176,88.7
alenaschillerov,2021-07-19,10,310,1049,43.6
AndrejBabis,2021-07-19,8,1075,555,101.9
jhamacek,2021-07-19,3,266,326,52.5
KarelHavlicek_,2021-07-19,2,69,526,22.4
tomio_cz,2021-07-19,2,162,770,39.3
vojtafilip,2021-07-19,1,35,60,5.2
alenaschillerov,2021-07-18,7,188,1039,43.3
AndrejBabis,2021-07-18,2,435,547,100.8
KarelHavlicek_,2021-07-18,1,96,524,22.4
tomio_cz,2021-07-18,2,281,768,39.2
Vit_Rakusan,2021-07-18,1,600,174,88.2
alenaschillerov,2021-07-17,3,81,1032,43.1
AndrejBabis,2021-07-17,3,424,545,100.4
KarelHavlicek_,2021-07-17,7,227,523,22.3
tomio_cz,2021-07-17,1,159,766,38.9
Vit_Rakusan,2021-07-17,6,584,173,87.6
alenaschillerov,2021-07-16,6,289,1029,43
AndrejBabis,2021-07-16,9,865,542,99.9
jhamacek,2021-07-16,1,41,323,52.3
KarelHavlicek_,2021-07-16,7,258,516,22
tomio_cz,2021-07-16,5,329,765,38.7
Vit_Rakusan,2021-07-16,1,231,167,87
alenaschillerov,2021-07-15,6,88,1023,42.8
AndrejBabis,2021-07-15,8,4782,533,99.1
jhamacek,2021-07-15,4,355,322,52.2
KarelHavlicek_,2021-07-15,1,50,509,21.8
tomio_cz,2021-07-15,3,158,760,38.4
Vit_Rakusan,2021-07-15,2,515,166,86.8
alenaschillerov,2021-07-14,16,374,1017,42.7
AndrejBabis,2021-07-14,8,494,525,94.3
KarelHavlicek_,2021-07-14,3,127,508,21.7
tomio_cz,2021-07-14,2,205,757,38.2
Vit_Rakusan,2021-07-14,1,1,164,86.2
alenaschillerov,2021-07-13,10,223,1001,42.3
jhamacek,2021-07-13,1,83,318,51.9
KarelHavlicek_,2021-07-13,2,45,505,21.6
tomio_cz,2021-07-13,11,407,755,38
Vit_Rakusan,2021-07-13,3,1074,163,86.2
alenaschillerov,2021-07-12,8,223,991,42.1
AndrejBabis,2021-07-12,2,164,517,93.8
jhamacek,2021-07-12,4,237,317,51.8
KarelHavlicek_,2021-07-12,1,18,503,21.5
tomio_cz,2021-07-12,2,164,744,37.6
alenaschillerov,2021-07-11,2,44,983,41.9
AndrejBabis,2021-07-11,1,492,515,93.6
KarelHavlicek_,2021-07-11,1,18,502,21.5
tomio_cz,2021-07-11,1,63,742,37.5
alenaschillerov,2021-07-10,6,126,981,41.8
AndrejBabis,2021-07-10,5,600,514,93.1
KarelHavlicek_,2021-07-10,4,195,501,21.5
tomio_cz,2021-07-10,2,115,741,37.4
alenaschillerov,2021-07-09,6,148,975,41.7
AndrejBabis,2021-07-09,2,153,509,92.5
KarelHavlicek_,2021-07-09,8,208,497,21.3
tomio_cz,2021-07-09,3,248,739,37.3
Vit_Rakusan,2021-07-09,3,953,160,85.2
alenaschillerov,2021-07-08,11,390,969,41.5
AndrejBabis,2021-07-08,7,609,507,92.4
KarelHavlicek_,2021-07-08,10,252,489,21.1
tomio_cz,2021-07-08,3,356,736,37
Vit_Rakusan,2021-07-08,1,208,157,84.2
alenaschillerov,2021-07-07,6,222,958,41.1
AndrejBabis,2021-07-07,2,135,500,91.8
jhamacek,2021-07-07,2,542,313,51.5
KarelHavlicek_,2021-07-07,3,78,479,20.9
tomio_cz,2021-07-07,6,903,733,36.7
vojtafilip,2021-07-07,1,68,59,5.2
alenaschillerov,2021-07-06,1,15,952,40.9
jhamacek,2021-07-06,1,57,311,51
KarelHavlicek_,2021-07-06,3,71,476,20.8
tomio_cz,2021-07-06,2,314,727,35.8
Vit_Rakusan,2021-07-06,1,1226,156,84
alenaschillerov,2021-07-05,2,136,951,40.9
AndrejBabis,2021-07-05,4,1050,498,91.7
jhamacek,2021-07-05,1,121,310,50.9
KarelHavlicek_,2021-07-05,1,293,473,20.7
tomio_cz,2021-07-05,1,0,725,35.5
Vit_Rakusan,2021-07-05,1,159,155,82.8
alenaschillerov,2021-07-04,5,276,949,40.8
KarelHavlicek_,2021-07-04,9,248,472,20.4
tomio_cz,2021-07-04,3,447,724,35.5
alenaschillerov,2021-07-03,5,217,944,40.5
AndrejBabis,2021-07-03,2,550,494,90.6
tomio_cz,2021-07-03,3,357,721,35
alenaschillerov,2021-07-02,12,408,939,40.3
AndrejBabis,2021-07-02,6,521,492,90.1
KarelHavlicek_,2021-07-02,5,177,463,20.2
tomio_cz,2021-07-02,2,88,718,34.7
alenaschillerov,2021-07-01,9,197,927,39.9
AndrejBabis,2021-07-01,5,429,486,89.5
KarelHavlicek_,2021-07-01,10,202,458,20
tomio_cz,2021-07-01,2,61,716,34.6
Vit_Rakusan,2021-07-01,2,124,154,82.6
vojtafilip,2021-07-01,1,355,58,5.1
alenaschillerov,2021-06-30,7,134,918,39.7
AndrejBabis,2021-06-30,2,184,481,89.1
jhamacek,2021-06-30,1,127,309,50.8
KarelHavlicek_,2021-06-30,9,128,448,19.8
tomio_cz,2021-06-30,1,155,714,34.5
alenaschillerov,2021-06-29,5,195,911,39.5
AndrejBabis,2021-06-29,5,361,479,88.9
jhamacek,2021-06-29,3,432,308,50.7
KarelHavlicek_,2021-06-29,8,143,439,19.7
tomio_cz,2021-06-29,6,502,713,34.4
Vit_Rakusan,2021-06-29,1,351,152,82.5
vojtafilip,2021-06-29,1,61,57,4.8
alenaschillerov,2021-06-28,8,362,906,39.3
jhamacek,2021-06-28,1,101,305,50.3
KarelHavlicek_,2021-06-28,4,169,431,19.5
tomio_cz,2021-06-28,1,6,707,33.8
alenaschillerov,2021-06-27,3,503,898,39
AndrejBabis,2021-06-27,6,1640,474,88.6
jhamacek,2021-06-27,2,503,304,50.2
KarelHavlicek_,2021-06-27,1,29,427,19.3
tomio_cz,2021-06-27,5,225,706,33.8
alenaschillerov,2021-06-26,7,263,895,38.5
AndrejBabis,2021-06-26,1,536,468,86.9
jhamacek,2021-06-26,1,269,302,49.7
KarelHavlicek_,2021-06-26,2,91,426,19.3
tomio_cz,2021-06-26,4,119,701,33.6
Vit_Rakusan,2021-06-26,1,4,151,82.2
alenaschillerov,2021-06-25,9,664,888,38.2
AndrejBabis,2021-06-25,3,813,467,86.4
jhamacek,2021-06-25,5,1039,301,49.4
KarelHavlicek_,2021-06-25,16,825,424,19.2
tomio_cz,2021-06-25,5,324,697,33.5
alenaschillerov,2021-06-24,6,736,879,37.6
AndrejBabis,2021-06-24,3,774,464,85.6
jhamacek,2021-06-24,6,2825,296,48.3
KarelHavlicek_,2021-06-24,21,1117,408,18.4
tomio_cz,2021-06-24,1,196,692,33.2
Vit_Rakusan,2021-06-24,1,176,150,82.1
alenaschillerov,2021-06-23,8,363,873,36.8
AndrejBabis,2021-06-23,7,700,461,84.8
jhamacek,2021-06-23,3,75,290,45.5
KarelHavlicek_,2021-06-23,11,348,387,17.3
tomio_cz,2021-06-23,2,83,691,33
alenaschillerov,2021-06-22,8,363,865,36.5
AndrejBabis,2021-06-22,6,310,454,84.1
KarelHavlicek_,2021-06-22,6,143,376,16.9
tomio_cz,2021-06-22,3,152,689,32.9
Vit_Rakusan,2021-06-22,1,197,149,82
alenaschillerov,2021-06-21,6,244,857,36.1
AndrejBabis,2021-06-21,4,158,448,83.8
jhamacek,2021-06-21,2,682,287,45.4
KarelHavlicek_,2021-06-21,7,150,370,16.8
tomio_cz,2021-06-21,3,232,686,32.7
vojtafilip,2021-06-21,1,143,56,4.7
alenaschillerov,2021-06-20,3,119,851,35.8
AndrejBabis,2021-06-20,3,817,444,83.6
KarelHavlicek_,2021-06-20,1,195,363,16.6
tomio_cz,2021-06-20,4,154,683,32.5
alenaschillerov,2021-06-19,2,60,848,35.7
AndrejBabis,2021-06-19,1,172,441,82.8
jhamacek,2021-06-19,1,172,285,44.8
KarelHavlicek_,2021-06-19,6,208,362,16.5
tomio_cz,2021-06-19,5,400,679,32.4
alenaschillerov,2021-06-18,7,151,846,35.7
AndrejBabis,2021-06-18,6,816,440,82.6
KarelHavlicek_,2021-06-18,5,165,356,16.2
tomio_cz,2021-06-18,7,210,674,32
Vit_Rakusan,2021-06-18,4,459,148,81.8
alenaschillerov,2021-06-17,7,268,839,35.5
KarelHavlicek_,2021-06-17,6,188,351,16.1
tomio_cz,2021-06-17,1,155,667,31.7
alenaschillerov,2021-06-16,7,256,832,35.2
AndrejBabis,2021-06-16,3,369,434,81.8
KarelHavlicek_,2021-06-16,4,173,345,15.9
tomio_cz,2021-06-16,1,94,666,31.6
Vit_Rakusan,2021-06-16,4,211,144,81.3
alenaschillerov,2021-06-15,5,237,825,35
KarelHavlicek_,2021-06-15,4,206,341,15.7
tomio_cz,2021-06-15,3,88,665,31.5
Vit_Rakusan,2021-06-15,5,758,140,81.1
alenaschillerov,2021-06-14,7,285,820,34.8
AndrejBabis,2021-06-14,1,251,431,81.5
KarelHavlicek_,2021-06-14,2,80,337,15.5
tomio_cz,2021-06-14,2,20,662,31.4
Vit_Rakusan,2021-06-14,2,412,135,80.3
alenaschillerov,2021-06-13,2,81,813,34.5
AndrejBabis,2021-06-13,4,597,430,81.2
tomio_cz,2021-06-13,2,77,660,31.4
alenaschillerov,2021-06-12,3,183,811,34.4
AndrejBabis,2021-06-12,3,995,426,80.6
jhamacek,2021-06-12,1,98,284,44.6
KarelHavlicek_,2021-06-12,5,163,335,15.4
tomio_cz,2021-06-12,5,293,658,31.3
alenaschillerov,2021-06-11,4,158,808,34.2
AndrejBabis,2021-06-11,5,1109,423,79.6
KarelHavlicek_,2021-06-11,3,122,330,15.3
Vit_Rakusan,2021-06-11,1,67,133,79.9
alenaschillerov,2021-06-10,8,333,804,34
AndrejBabis,2021-06-10,9,847,418,78.5
jhamacek,2021-06-10,1,120,283,44.5
KarelHavlicek_,2021-06-10,5,247,327,15.1
tomio_cz,2021-06-10,1,16,653,31
Vit_Rakusan,2021-06-10,4,482,132,79.9
vojtafilip,2021-06-10,1,96,55,4.6
alenaschillerov,2021-06-09,7,351,796,33.7
AndrejBabis,2021-06-09,7,1093,409,77.7
jhamacek,2021-06-09,1,358,282,44.4
tomio_cz,2021-06-09,3,39,652,31
vojtafilip,2021-06-09,2,150,54,4.5
alenaschillerov,2021-06-08,7,122,789,33.4
AndrejBabis,2021-06-08,2,505,402,76.6
jhamacek,2021-06-08,5,284,281,44
KarelHavlicek_,2021-06-08,5,199,322,14.9
tomio_cz,2021-06-08,1,155,649,31
Vit_Rakusan,2021-06-08,2,558,128,79.4
alenaschillerov,2021-06-07,7,334,782,33.2
AndrejBabis,2021-06-07,2,164,400,76.1
jhamacek,2021-06-07,2,246,276,43.7
KarelHavlicek_,2021-06-07,3,176,317,14.7
tomio_cz,2021-06-07,3,143,648,30.8
alenaschillerov,2021-06-06,3,973,775,32.9
AndrejBabis,2021-06-06,2,443,398,75.9
tomio_cz,2021-06-06,4,250,645,30.7
Vit_Rakusan,2021-06-06,1,1839,126,78.8
alenaschillerov,2021-06-05,1,71,772,31.9
AndrejBabis,2021-06-05,1,226,396,75.4
tomio_cz,2021-06-05,4,295,641,30.4
alenaschillerov,2021-06-04,4,245,771,31.9
AndrejBabis,2021-06-04,5,966,395,75.2
KarelHavlicek_,2021-06-04,1,40,314,14.5
tomio_cz,2021-06-04,2,130,637,30.1
alenaschillerov,2021-06-03,19,960,767,31.6
AndrejBabis,2021-06-03,7,2136,390,74.3
KarelHavlicek_,2021-06-03,1,50,313,14.5
tomio_cz,2021-06-03,5,153,635,30
Vit_Rakusan,2021-06-03,2,2618,125,77
alenaschillerov,2021-06-02,9,203,748,30.7
KarelHavlicek_,2021-06-02,8,235,312,14.4
tomio_cz,2021-06-02,2,134,630,29.8
alenaschillerov,2021-06-01,20,642,739,30.5
AndrejBabis,2021-06-01,8,684,383,72.1
jhamacek,2021-06-01,1,101,274,43.5
KarelHavlicek_,2021-06-01,3,115,304,14.2
tomio_cz,2021-06-01,3,65,628,29.7
Vit_Rakusan,2021-06-01,1,766,123,74.4
alenaschillerov,2021-05-31,9,289,719,29.8
AndrejBabis,2021-05-31,5,553,375,71.4
KarelHavlicek_,2021-05-31,2,70,301,14.1
tomio_cz,2021-05-31,3,117,625,29.6
Vit_Rakusan,2021-05-31,1,758,122,73.6
alenaschillerov,2021-05-30,1,1,710,29.5
AndrejBabis,2021-05-30,4,1032,370,70.9
tomio_cz,2021-05-30,3,282,622,29.5
alenaschillerov,2021-05-29,4,196,709,29.5
AndrejBabis,2021-05-29,2,242,366,69.9
KarelHavlicek_,2021-05-29,5,239,299,14
tomio_cz,2021-05-29,2,209,619,29.2
alenaschillerov,2021-05-28,4,216,705,29.3
AndrejBabis,2021-05-28,2,629,364,69.6
KarelHavlicek_,2021-05-28,2,64,294,13.8
tomio_cz,2021-05-28,9,315,617,29
Vit_Rakusan,2021-05-28,1,193,121,72.8
alenaschillerov,2021-05-27,3,98,701,29.1
AndrejBabis,2021-05-27,3,418,362,69
KarelHavlicek_,2021-05-27,11,414,292,13.7
tomio_cz,2021-05-27,5,305,608,28.7
Vit_Rakusan,2021-05-27,2,429,120,72.7
alenaschillerov,2021-05-26,6,356,698,29
KarelHavlicek_,2021-05-26,2,180,281,13.3
tomio_cz,2021-05-26,5,185,603,28.4
alenaschillerov,2021-05-25,4,325,692,28.7
AndrejBabis,2021-05-25,3,380,359,68.6
KarelHavlicek_,2021-05-25,5,113,279,13.1
tomio_cz,2021-05-25,4,38,598,28.2
Vit_Rakusan,2021-05-25,1,1044,118,72.2
alenaschillerov,2021-05-24,7,471,688,28.3
AndrejBabis,2021-05-24,4,367,356,68.2
KarelHavlicek_,2021-05-24,5,133,274,13
tomio_cz,2021-05-24,3,147,594,28.2
vojtafilip,2021-05-24,1,327,52,4.3
alenaschillerov,2021-05-23,3,73,681,27.9
AndrejBabis,2021-05-23,3,458,352,67.8
tomio_cz,2021-05-23,3,256,591,28
Vit_Rakusan,2021-05-23,1,400,117,71.2
alenaschillerov,2021-05-22,3,110,678,27.8
AndrejBabis,2021-05-22,2,258,349,67.4
alenaschillerov,2021-05-21,6,201,675,27.7
AndrejBabis,2021-05-21,3,479,347,67.1
KarelHavlicek_,2021-05-21,3,133,269,12.9
tomio_cz,2021-05-21,4,278,588,27.8
alenaschillerov,2021-05-20,8,421,669,27.5
AndrejBabis,2021-05-20,4,379,344,66.6
KarelHavlicek_,2021-05-20,2,77,266,12.7
tomio_cz,2021-05-20,3,160,584,27.5
alenaschillerov,2021-05-19,3,70,661,27.1
AndrejBabis,2021-05-19,5,2474,340,66.2
KarelHavlicek_,2021-05-19,4,135,264,12.7
tomio_cz,2021-05-19,5,223,581,27.3
Vit_Rakusan,2021-05-19,3,1009,116,70.8
vojtafilip,2021-05-19,1,98,51,4
alenaschillerov,2021-05-18,4,93,658,27
AndrejBabis,2021-05-18,3,214,335,63.8
tomio_cz,2021-05-18,2,347,576,27.1
alenaschillerov,2021-05-17,6,231,654,26.9
KarelHavlicek_,2021-05-17,2,79,260,12.5
tomio_cz,2021-05-17,2,114,574,26.8
vojtafilip,2021-05-17,1,59,50,3.9
alenaschillerov,2021-05-16,1,35,648,26.7
AndrejBabis,2021-05-16,4,947,332,63.6
tomio_cz,2021-05-16,8,247,572,26.7
alenaschillerov,2021-05-15,2,52,647,26.6
tomio_cz,2021-05-15,4,274,564,26.4
alenaschillerov,2021-05-14,4,138,645,26.6
AndrejBabis,2021-05-14,6,354,328,62.6
jhamacek,2021-05-14,3,638,273,43.4
KarelHavlicek_,2021-05-14,5,275,258,12.4
tomio_cz,2021-05-14,1,24,560,26.1
Vit_Rakusan,2021-05-14,2,2037,113,69.8
alenaschillerov,2021-05-13,5,109,641,26.4
AndrejBabis,2021-05-13,5,647,322,62.3
jhamacek,2021-05-13,1,181,270,42.7
KarelHavlicek_,2021-05-13,3,83,253,12.2
tomio_cz,2021-05-13,1,17,559,26.1
alenaschillerov,2021-05-12,11,280,636,26.3
AndrejBabis,2021-05-12,3,1934,317,61.6
tomio_cz,2021-05-12,5,419,558,26.1
Vit_Rakusan,2021-05-12,1,684,111,67.7
vojtafilip,2021-05-12,1,88,49,3.8
alenaschillerov,2021-05-11,6,107,625,26
AndrejBabis,2021-05-11,4,334,314,59.7
KarelHavlicek_,2021-05-11,3,95,250,12.1
tomio_cz,2021-05-11,2,22,553,25.7
alenaschillerov,2021-05-10,6,123,619,25.9
AndrejBabis,2021-05-10,1,458,310,59.3
KarelHavlicek_,2021-05-10,5,303,247,12
tomio_cz,2021-05-10,5,174,551,25.7
AndrejBabis,2021-05-09,3,505,309,58.9
tomio_cz,2021-05-09,5,247,546,25.5
vojtafilip,2021-05-09,1,155,48,3.7
alenaschillerov,2021-05-08,1,64,613,25.8
AndrejBabis,2021-05-08,2,617,306,58.4
jhamacek,2021-05-08,1,304,269,42.6
tomio_cz,2021-05-08,7,316,541,25.2
Vit_Rakusan,2021-05-08,2,196,110,67.1
alenaschillerov,2021-05-07,4,179,612,25.8
AndrejBabis,2021-05-07,5,859,304,57.8
KarelHavlicek_,2021-05-07,1,27,242,11.7
tomio_cz,2021-05-07,7,183,534,24.9
alenaschillerov,2021-05-06,7,202,608,25.6
jhamacek,2021-05-06,1,560,268,42.3
KarelHavlicek_,2021-05-06,2,71,241,11.7
tomio_cz,2021-05-06,6,318,527,24.7
Vit_Rakusan,2021-05-06,1,697,108,66.9
alenaschillerov,2021-05-05,12,229,601,25.4
AndrejBabis,2021-05-05,1,110,299,56.9
jhamacek,2021-05-05,2,603,267,41.7
KarelHavlicek_,2021-05-05,3,92,239,11.6
tomio_cz,2021-05-05,2,201,521,24.4
alenaschillerov,2021-05-04,16,86,589,25.1
AndrejBabis,2021-05-04,3,450,298,56.8
jhamacek,2021-05-04,4,482,265,41.1
tomio_cz,2021-05-04,2,102,519,24.2
Vit_Rakusan,2021-05-04,1,731,107,66.2
alenaschillerov,2021-05-03,3,145,573,25.1
AndrejBabis,2021-05-03,1,79,295,56.3
KarelHavlicek_,2021-05-03,5,302,236,11.5
tomio_cz,2021-05-03,4,253,517,24.1
Vit_Rakusan,2021-05-03,2,381,106,65.4
vojtafilip,2021-05-03,2,183,47,3.6
alenaschillerov,2021-05-02,2,93,570,24.9
AndrejBabis,2021-05-02,8,1550,294,56.3
jhamacek,2021-05-02,2,238,261,40.6
alenaschillerov,2021-05-01,1,69,568,24.8
AndrejBabis,2021-05-01,2,433,286,54.7
jhamacek,2021-05-01,2,564,259,40.4
KarelHavlicek_,2021-05-01,1,104,231,11.2
tomio_cz,2021-05-01,3,180,513,23.9
alenaschillerov,2021-04-30,4,69,567,24.8
AndrejBabis,2021-04-30,7,864,284,54.3
KarelHavlicek_,2021-04-30,1,42,230,11.1
tomio_cz,2021-04-30,2,47,510,23.7
Vit_Rakusan,2021-04-30,1,1,104,65
alenaschillerov,2021-04-29,8,318,563,24.7
AndrejBabis,2021-04-29,1,141,277,53.4
KarelHavlicek_,2021-04-29,4,368,229,11.1
tomio_cz,2021-04-29,3,263,508,23.6
Vit_Rakusan,2021-04-29,2,725,103,65
alenaschillerov,2021-04-28,5,211,555,24.4
AndrejBabis,2021-04-28,4,513,276,53.3
KarelHavlicek_,2021-04-28,4,112,225,10.7
tomio_cz,2021-04-28,2,117,505,23.4
alenaschillerov,2021-04-27,4,44,550,24.2
KarelHavlicek_,2021-04-27,3,84,221,10.6
tomio_cz,2021-04-27,2,29,503,23.3
alenaschillerov,2021-04-26,11,358,546,24.1
AndrejBabis,2021-04-26,3,859,272,52.8
KarelHavlicek_,2021-04-26,5,233,218,10.5
tomio_cz,2021-04-26,4,332,501,23.2
Vit_Rakusan,2021-04-26,1,510,101,64.3
vojtafilip,2021-04-26,1,210,45,3.4
alenaschillerov,2021-04-25,2,60,535,23.8
AndrejBabis,2021-04-25,4,574,269,51.9
jhamacek,2021-04-25,4,406,257,39.8
tomio_cz,2021-04-25,1,22,497,22.9
Vit_Rakusan,2021-04-25,5,3350,100,63.8
alenaschillerov,2021-04-24,2,283,533,23.7
AndrejBabis,2021-04-24,2,458,265,51.3
jhamacek,2021-04-24,1,292,253,39.4
tomio_cz,2021-04-24,5,299,496,22.9
Vit_Rakusan,2021-04-24,2,759,95,60.5
alenaschillerov,2021-04-23,5,84,531,23.4
AndrejBabis,2021-04-23,6,1125,263,50.9
KarelHavlicek_,2021-04-23,4,105,213,10.3
tomio_cz,2021-04-23,4,188,491,22.6
Vit_Rakusan,2021-04-23,3,454,93,59.7
alenaschillerov,2021-04-22,9,328,526,23.3
AndrejBabis,2021-04-22,5,1827,257,49.7
jhamacek,2021-04-22,3,288,252,39.1
KarelHavlicek_,2021-04-22,2,177,209,10.2
tomio_cz,2021-04-22,7,305,487,22.4
alenaschillerov,2021-04-21,8,145,517,23
AndrejBabis,2021-04-21,1,97,252,47.9
jhamacek,2021-04-21,2,416,249,38.8
KarelHavlicek_,2021-04-21,2,51,207,10
tomio_cz,2021-04-21,4,182,480,22.1
Vit_Rakusan,2021-04-21,3,578,90,59.2
alenaschillerov,2021-04-20,6,112,509,22.9
AndrejBabis,2021-04-20,2,184,251,47.8
KarelHavlicek_,2021-04-20,2,83,205,9.9
tomio_cz,2021-04-20,4,243,476,21.9
Vit_Rakusan,2021-04-20,3,931,87,58.7
alenaschillerov,2021-04-19,10,261,503,22.7
AndrejBabis,2021-04-19,1,196,249,47.6
jhamacek,2021-04-19,10,533,247,38.4
KarelHavlicek_,2021-04-19,3,102,203,9.8
tomio_cz,2021-04-19,4,239,472,21.7
Vit_Rakusan,2021-04-19,2,1269,84,57.7
alenaschillerov,2021-04-18,2,2,493,22.5
AndrejBabis,2021-04-18,3,508,248,47.4
jhamacek,2021-04-18,7,1517,237,37.9
tomio_cz,2021-04-18,8,338,468,21.4
Vit_Rakusan,2021-04-18,4,7047,82,56.5
vojtafilip,2021-04-18,2,129,44,3.2
alenaschillerov,2021-04-17,5,405,491,22.5
AndrejBabis,2021-04-17,6,3870,245,46.9
jhamacek,2021-04-17,1,529,230,36.4
tomio_cz,2021-04-17,8,490,460,21.1
Vit_Rakusan,2021-04-17,1,1485,78,49.4
alenaschillerov,2021-04-16,7,147,486,22.1
AndrejBabis,2021-04-16,9,682,239,43.1
KarelHavlicek_,2021-04-16,5,243,200,9.7
tomio_cz,2021-04-16,2,82,452,20.6
alenaschillerov,2021-04-15,7,195,479,21.9
AndrejBabis,2021-04-15,3,228,230,42.4
jhamacek,2021-04-15,1,63,229,35.8
KarelHavlicek_,2021-04-15,2,71,195,9.5
tomio_cz,2021-04-15,7,215,450,20.5
Vit_Rakusan,2021-04-15,1,1247,77,47.9
alenaschillerov,2021-04-14,9,146,472,21.7
AndrejBabis,2021-04-14,4,489,227,42.1
jhamacek,2021-04-14,6,1825,228,35.8
KarelHavlicek_,2021-04-14,2,42,193,9.4
tomio_cz,2021-04-14,6,216,443,20.3
alenaschillerov,2021-04-13,11,75,463,21.6
jhamacek,2021-04-13,2,359,222,33.9
KarelHavlicek_,2021-04-13,2,62,191,9.4
tomio_cz,2021-04-13,8,162,437,20.1
vojtafilip,2021-04-13,1,71,42,3.1
alenaschillerov,2021-04-12,14,249,452,21.5
KarelHavlicek_,2021-04-12,2,42,189,9.3
tomio_cz,2021-04-12,5,162,429,19.9
Vit_Rakusan,2021-04-12,3,2283,76,46.7
vojtafilip,2021-04-12,2,75,41,3
alenaschillerov,2021-04-11,1,28,438,21.3
AndrejBabis,2021-04-11,1,141,223,41.7
jhamacek,2021-04-11,1,237,220,33.6
tomio_cz,2021-04-11,4,330,424,19.8
Vit_Rakusan,2021-04-11,2,357,73,44.4
vojtafilip,2021-04-11,2,167,39,2.9
alenaschillerov,2021-04-10,4,65,437,21.2
tomio_cz,2021-04-10,4,225,420,19.4
alenaschillerov,2021-04-09,3,111,433,21.2
AndrejBabis,2021-04-09,2,216,222,41.5
KarelHavlicek_,2021-04-09,1,39,187,9.3
tomio_cz,2021-04-09,2,78,416,19.2
alenaschillerov,2021-04-08,2,103,430,21.1
jhamacek,2021-04-08,1,7,219,33.3
tomio_cz,2021-04-08,1,16,414,19.1
alenaschillerov,2021-04-07,3,40,428,21
jhamacek,2021-04-07,5,388,218,33.3
KarelHavlicek_,2021-04-07,1,20,186,9.2
tomio_cz,2021-04-07,6,251,413,19.1
Vit_Rakusan,2021-04-07,4,739,71,44
alenaschillerov,2021-04-06,7,180,425,20.9
jhamacek,2021-04-06,2,284,213,33
KarelHavlicek_,2021-04-06,2,226,185,9.2
tomio_cz,2021-04-06,4,44,407,18.9
Vit_Rakusan,2021-04-06,3,1214,67,43.3
vojtafilip,2021-04-06,1,126,37,2.8
alenaschillerov,2021-04-05,2,443,418,20.7
AndrejBabis,2021-04-05,3,180,220,41.3
vojtafilip,2021-04-05,1,179,36,2.6
AndrejBabis,2021-04-04,1,172,217,41.1
jhamacek,2021-04-04,3,33,211,32.7
tomio_cz,2021-04-04,4,442,403,18.8
alenaschillerov,2021-04-03,1,2,416,20.3
AndrejBabis,2021-04-03,3,1153,216,41
jhamacek,2021-04-03,5,561,208,32.6
tomio_cz,2021-04-03,6,156,399,18.4
alenaschillerov,2021-04-02,1,217,415,20.3
AndrejBabis,2021-04-02,8,2441,213,39.8
jhamacek,2021-04-02,2,1758,203,32.1
tomio_cz,2021-04-02,1,28,393,18.2
alenaschillerov,2021-04-01,6,112,414,20.1
AndrejBabis,2021-04-01,1,240,205,37.4
jhamacek,2021-04-01,2,248,201,30.3
KarelHavlicek_,2021-04-01,1,14,183,9
tomio_cz,2021-04-01,4,208,392,18.2
alenaschillerov,2021-03-31,7,288,408,20
tomio_cz,2021-03-31,4,299,388,18
Vit_Rakusan,2021-03-31,3,945,64,42.1
alenaschillerov,2021-03-30,6,207,401,19.7
KarelHavlicek_,2021-03-30,1,62,182,9
vojtafilip,2021-03-30,1,61,35,2.5
alenaschillerov,2021-03-29,11,227,395,19.5
AndrejBabis,2021-03-29,1,1172,204,37.1
jhamacek,2021-03-29,4,944,199,30.1
KarelHavlicek_,2021-03-29,1,5,181,8.9
tomio_cz,2021-03-29,7,164,384,17.7
alenaschillerov,2021-03-28,5,198,384,19.2
AndrejBabis,2021-03-28,5,702,203,35.9
jhamacek,2021-03-28,1,153,195,29.1
tomio_cz,2021-03-28,3,80,377,17.5
alenaschillerov,2021-03-27,3,81,379,19
AndrejBabis,2021-03-27,1,627,198,35.2
KarelHavlicek_,2021-03-27,1,46,180,8.9
tomio_cz,2021-03-27,7,235,374,17.4
alenaschillerov,2021-03-26,4,339,376,19
AndrejBabis,2021-03-26,4,385,197,34.6
jhamacek,2021-03-26,3,261,194,29
KarelHavlicek_,2021-03-26,2,38,179,8.9
tomio_cz,2021-03-26,15,306,367,17.2
vojtafilip,2021-03-26,1,33,34,2.4
alenaschillerov,2021-03-25,7,133,372,18.6
AndrejBabis,2021-03-25,4,675,193,34.2
jhamacek,2021-03-25,2,249,191,28.7
KarelHavlicek_,2021-03-25,1,40,177,8.8
alenaschillerov,2021-03-24,15,367,365,18.5
AndrejBabis,2021-03-24,5,693,189,33.6
jhamacek,2021-03-24,7,423,189,28.5
KarelHavlicek_,2021-03-24,1,36,176,8.8
tomio_cz,2021-03-24,7,550,352,16.9
alenaschillerov,2021-03-23,4,222,350,18.1
AndrejBabis,2021-03-23,1,106,184,32.9
jhamacek,2021-03-23,6,649,182,28
KarelHavlicek_,2021-03-23,3,193,175,8.8
tomio_cz,2021-03-23,5,113,345,16.3
Vit_Rakusan,2021-03-23,1,240,61,41.2
alenaschillerov,2021-03-22,16,464,346,17.9
AndrejBabis,2021-03-22,5,611,183,32.8
jhamacek,2021-03-22,4,122,176,27.4
KarelHavlicek_,2021-03-22,3,122,172,8.6
tomio_cz,2021-03-22,3,226,340,16.2
Vit_Rakusan,2021-03-22,1,496,60,40.9
vojtafilip,2021-03-22,1,113,33,2.4
AndrejBabis,2021-03-21,5,656,178,32.1
tomio_cz,2021-03-21,8,390,337,16
vojtafilip,2021-03-21,1,33,32,2.2
alenaschillerov,2021-03-20,1,32,330,17.4
jhamacek,2021-03-20,1,48,172,27.3
tomio_cz,2021-03-20,2,91,329,15.6
alenaschillerov,2021-03-19,3,91,329,17.4
AndrejBabis,2021-03-19,2,193,173,31.5
jhamacek,2021-03-19,3,339,171,27.2
KarelHavlicek_,2021-03-19,2,55,169,8.4
tomio_cz,2021-03-19,4,158,327,15.5
alenaschillerov,2021-03-18,3,98,326,17.3
AndrejBabis,2021-03-18,2,132,171,31.3
jhamacek,2021-03-18,3,967,168,26.9
KarelHavlicek_,2021-03-18,2,99,167,8.4
tomio_cz,2021-03-18,5,130,323,15.4
alenaschillerov,2021-03-17,3,86,323,17.2
AndrejBabis,2021-03-17,1,93,169,31.2
jhamacek,2021-03-17,5,62,165,25.9
KarelHavlicek_,2021-03-17,1,81,165,8.3
tomio_cz,2021-03-17,1,133,318,15.2
Vit_Rakusan,2021-03-17,1,332,59,40.4
vojtafilip,2021-03-17,2,60,31,2.2
alenaschillerov,2021-03-16,5,86,320,17.1
AndrejBabis,2021-03-16,7,797,168,31.1
jhamacek,2021-03-16,1,193,160,25.9
KarelHavlicek_,2021-03-16,1,30,164,8.2
tomio_cz,2021-03-16,1,139,317,15.1
alenaschillerov,2021-03-15,5,380,315,17
jhamacek,2021-03-15,1,20,159,25.7
KarelHavlicek_,2021-03-15,4,169,163,8.2
tomio_cz,2021-03-15,2,33,316,15
alenaschillerov,2021-03-14,4,92,310,16.7
AndrejBabis,2021-03-14,1,428,161,30.3
KarelHavlicek_,2021-03-14,1,60,159,8
tomio_cz,2021-03-14,5,258,314,14.9
Vit_Rakusan,2021-03-14,1,784,58,40.1
AndrejBabis,2021-03-13,7,761,160,29.8
jhamacek,2021-03-13,4,58,158,25.6
KarelHavlicek_,2021-03-13,2,172,158,7.9
tomio_cz,2021-03-13,3,582,309,14.7
alenaschillerov,2021-03-12,8,320,306,16.6
AndrejBabis,2021-03-12,4,735,153,29.1
jhamacek,2021-03-12,1,304,154,25.6
KarelHavlicek_,2021-03-12,4,281,156,7.8
tomio_cz,2021-03-12,4,479,306,14.1
Vit_Rakusan,2021-03-12,3,481,57,39.3
vojtafilip,2021-03-12,1,120,29,2.2
alenaschillerov,2021-03-11,4,1260,298,16.2
AndrejBabis,2021-03-11,4,452,149,28.4
KarelHavlicek_,2021-03-11,2,54,152,7.5
tomio_cz,2021-03-11,2,89,302,13.6
alenaschillerov,2021-03-10,7,296,294,15
AndrejBabis,2021-03-10,5,1317,145,27.9
KarelHavlicek_,2021-03-10,3,128,150,7.4
tomio_cz,2021-03-10,9,345,300,13.5
Vit_Rakusan,2021-03-10,1,1898,54,38.8
alenaschillerov,2021-03-09,4,93,287,14.7
AndrejBabis,2021-03-09,8,1683,140,26.6
jhamacek,2021-03-09,2,368,153,25.3
KarelHavlicek_,2021-03-09,3,140,147,7.3
tomio_cz,2021-03-09,6,147,291,13.2
vojtafilip,2021-03-09,1,108,28,2
alenaschillerov,2021-03-08,7,365,283,14.6
AndrejBabis,2021-03-08,2,804,132,24.9
jhamacek,2021-03-08,2,404,151,24.9
KarelHavlicek_,2021-03-08,4,163,144,7.2
tomio_cz,2021-03-08,13,682,285,13
vojtafilip,2021-03-08,1,84,27,1.9
alenaschillerov,2021-03-07,4,385,276,14.2
AndrejBabis,2021-03-07,2,496,130,24.1
jhamacek,2021-03-07,2,1277,149,24.5
KarelHavlicek_,2021-03-07,2,100,140,7
tomio_cz,2021-03-07,3,285,272,12.3
vojtafilip,2021-03-07,1,35,26,1.8
AndrejBabis,2021-03-06,1,147,128,23.6
jhamacek,2021-03-06,1,12,147,23.2
tomio_cz,2021-03-06,3,274,269,12.1
alenaschillerov,2021-03-05,4,78,272,13.8
AndrejBabis,2021-03-05,4,332,127,23.5
jhamacek,2021-03-05,1,114,146,23.2
KarelHavlicek_,2021-03-05,7,95,138,6.9
tomio_cz,2021-03-05,7,257,266,11.8
Vit_Rakusan,2021-03-05,1,201,53,36.9
alenaschillerov,2021-03-04,7,128,268,13.8
AndrejBabis,2021-03-04,2,496,123,23.1
jhamacek,2021-03-04,1,148,145,23.1
KarelHavlicek_,2021-03-04,2,95,131,6.8
tomio_cz,2021-03-04,9,496,259,11.5
alenaschillerov,2021-03-03,6,108,261,13.6
AndrejBabis,2021-03-03,3,1455,121,22.6
jhamacek,2021-03-03,3,780,144,23
KarelHavlicek_,2021-03-03,2,163,129,6.7
tomio_cz,2021-03-03,6,69,250,11
Vit_Rakusan,2021-03-03,2,224,52,36.7
alenaschillerov,2021-03-02,8,159,255,13.5
AndrejBabis,2021-03-02,1,346,118,21.2
jhamacek,2021-03-02,1,197,141,22.2
KarelHavlicek_,2021-03-02,1,202,127,6.6
tomio_cz,2021-03-02,12,414,244,11
Vit_Rakusan,2021-03-02,2,430,50,36.5
alenaschillerov,2021-03-01,6,175,247,13.4
AndrejBabis,2021-03-01,5,532,117,20.8
jhamacek,2021-03-01,3,253,140,22
KarelHavlicek_,2021-03-01,1,164,126,6.3
tomio_cz,2021-03-01,1,11,232,10.6
Vit_Rakusan,2021-03-01,3,533,48,36.1
alenaschillerov,2021-02-28,4,85,241,13.2
AndrejBabis,2021-02-28,3,796,112,20.3
jhamacek,2021-02-28,3,176,137,21.7
tomio_cz,2021-02-28,2,89,231,10.5
alenaschillerov,2021-02-27,3,150,237,13.1
AndrejBabis,2021-02-27,3,305,109,19.5
jhamacek,2021-02-27,2,948,134,21.5
KarelHavlicek_,2021-02-27,2,233,125,6.2
tomio_cz,2021-02-27,8,364,229,10.5
alenaschillerov,2021-02-26,8,219,234,13
AndrejBabis,2021-02-26,1,213,106,19.2
jhamacek,2021-02-26,1,627,132,20.6
KarelHavlicek_,2021-02-26,4,143,123,6
tomio_cz,2021-02-26,3,127,221,10.1
Vit_Rakusan,2021-02-26,2,3695,45,35.5
alenaschillerov,2021-02-25,4,73,226,12.7
AndrejBabis,2021-02-25,3,707,105,19
jhamacek,2021-02-25,1,75,131,20
KarelHavlicek_,2021-02-25,3,146,119,5.8
tomio_cz,2021-02-25,2,120,218,10
alenaschillerov,2021-02-24,5,136,222,12.7
jhamacek,2021-02-24,1,232,130,19.9
KarelHavlicek_,2021-02-24,2,286,116,5.7
tomio_cz,2021-02-24,5,49,216,9.8
Vit_Rakusan,2021-02-24,2,432,43,31.8
alenaschillerov,2021-02-23,13,168,217,12.5
AndrejBabis,2021-02-23,6,401,102,18.3
jhamacek,2021-02-23,1,2248,129,19.7
KarelHavlicek_,2021-02-23,3,105,114,5.4
tomio_cz,2021-02-23,3,233,211,9.8
alenaschillerov,2021-02-22,1,17,204,12.4
AndrejBabis,2021-02-22,1,521,96,17.9
jhamacek,2021-02-22,3,599,128,17.4
KarelHavlicek_,2021-02-22,2,87,111,5.3
tomio_cz,2021-02-22,3,145,208,9.6
vojtafilip,2021-02-22,1,72,25,1.8
alenaschillerov,2021-02-21,1,47,203,12.4
AndrejBabis,2021-02-21,1,148,95,17.3
vojtafilip,2021-02-21,2,108,24,1.7
alenaschillerov,2021-02-20,3,889,202,12.3
AndrejBabis,2021-02-20,1,193,94,17.2
jhamacek,2021-02-20,6,708,125,16.8
KarelHavlicek_,2021-02-20,1,55,109,5.2
tomio_cz,2021-02-20,6,164,205,9.4
alenaschillerov,2021-02-19,2,59,199,11.4
jhamacek,2021-02-19,4,387,119,16.1
KarelHavlicek_,2021-02-19,3,172,108,5.1
alenaschillerov,2021-02-18,8,418,197,11.4
jhamacek,2021-02-18,5,368,115,15.7
KarelHavlicek_,2021-02-18,2,78,105,5
tomio_cz,2021-02-18,8,211,199,9.3
vojtafilip,2021-02-18,1,87,22,1.6
alenaschillerov,2021-02-17,3,100,189,10.9
jhamacek,2021-02-17,2,19,110,15.4
KarelHavlicek_,2021-02-17,3,109,103,4.9
tomio_cz,2021-02-17,7,151,191,9
alenaschillerov,2021-02-16,6,261,186,10.8
AndrejBabis,2021-02-16,1,288,93,17
jhamacek,2021-02-16,5,252,108,15.3
KarelHavlicek_,2021-02-16,4,338,100,4.8
tomio_cz,2021-02-16,3,43,184,8.9
Vit_Rakusan,2021-02-16,1,1962,41,31.4
alenaschillerov,2021-02-15,9,392,180,10.6
AndrejBabis,2021-02-15,1,403,92,16.7
jhamacek,2021-02-15,3,492,103,15.1
KarelHavlicek_,2021-02-15,4,92,96,4.4
tomio_cz,2021-02-15,4,190,181,8.8
vojtafilip,2021-02-15,1,54,21,1.5
alenaschillerov,2021-02-14,2,398,171,10.2
AndrejBabis,2021-02-14,2,473,91,16.3
jhamacek,2021-02-14,13,947,100,14.6
tomio_cz,2021-02-14,5,338,177,8.7
Vit_Rakusan,2021-02-14,2,4559,40,29.4
vojtafilip,2021-02-14,2,188,20,1.5
AndrejBabis,2021-02-13,3,563,89,15.8
jhamacek,2021-02-13,4,61,87,13.6
tomio_cz,2021-02-13,8,287,172,8.3
alenaschillerov,2021-02-12,5,488,169,9.8
AndrejBabis,2021-02-12,2,211,86,15.3
jhamacek,2021-02-12,9,978,83,13.6
KarelHavlicek_,2021-02-12,1,53,92,4.3
tomio_cz,2021-02-12,7,250,164,8
Vit_Rakusan,2021-02-12,1,677,38,24.9
alenaschillerov,2021-02-11,6,696,164,9.3
AndrejBabis,2021-02-11,1,1011,84,15.1
jhamacek,2021-02-11,5,1528,74,12.6
KarelHavlicek_,2021-02-11,2,89,91,4.3
tomio_cz,2021-02-11,2,75,157,7.8
alenaschillerov,2021-02-10,3,101,158,8.6
AndrejBabis,2021-02-10,3,268,83,14.1
jhamacek,2021-02-10,3,401,69,11.1
KarelHavlicek_,2021-02-10,1,25,89,4.2
tomio_cz,2021-02-10,3,31,155,7.7
Vit_Rakusan,2021-02-10,1,906,37,24.2
vojtafilip,2021-02-10,2,171,18,1.3
alenaschillerov,2021-02-09,7,2319,155,8.5
jhamacek,2021-02-09,5,104,66,10.7
KarelHavlicek_,2021-02-09,7,235,88,4.2
tomio_cz,2021-02-09,8,257,152,7.7
Vit_Rakusan,2021-02-09,2,887,36,23.3
alenaschillerov,2021-02-08,7,261,148,6.2
AndrejBabis,2021-02-08,1,201,80,13.8
jhamacek,2021-02-08,3,77,61,10.6
KarelHavlicek_,2021-02-08,5,141,81,3.9
tomio_cz,2021-02-08,2,144,144,7.4
Vit_Rakusan,2021-02-08,3,1100,34,22.4
AndrejBabis,2021-02-07,2,428,79,13.6
tomio_cz,2021-02-07,2,104,142,7.3
Vit_Rakusan,2021-02-07,2,2463,31,21.3
alenaschillerov,2021-02-06,6,586,141,5.9
jhamacek,2021-02-06,2,13,58,10.5
KarelHavlicek_,2021-02-06,1,496,76,3.8
tomio_cz,2021-02-06,4,309,140,7.2
alenaschillerov,2021-02-05,4,244,135,5.3
AndrejBabis,2021-02-05,3,690,77,13.2
jhamacek,2021-02-05,2,742,56,10.5
KarelHavlicek_,2021-02-05,6,161,75,3.3
tomio_cz,2021-02-05,5,244,136,6.9
Vit_Rakusan,2021-02-05,3,1202,29,18.9
alenaschillerov,2021-02-04,3,127,131,5.1
AndrejBabis,2021-02-04,4,202,74,12.5
jhamacek,2021-02-04,1,48,54,9.7
KarelHavlicek_,2021-02-04,5,216,69,3.1
tomio_cz,2021-02-04,9,371,131,6.6
Vit_Rakusan,2021-02-04,1,2410,26,17.6
alenaschillerov,2021-02-03,7,124,128,5
AndrejBabis,2021-02-03,2,575,70,12.3
jhamacek,2021-02-03,1,281,53,9.7
KarelHavlicek_,2021-02-03,1,30,64,2.9
tomio_cz,2021-02-03,5,62,122,6.2
Vit_Rakusan,2021-02-03,5,5794,25,15.2
alenaschillerov,2021-02-02,8,212,121,4.8
AndrejBabis,2021-02-02,2,257,68,11.7
KarelHavlicek_,2021-02-02,2,71,63,2.9
tomio_cz,2021-02-02,1,68,117,6.2
Vit_Rakusan,2021-02-02,1,639,20,9.4
vojtafilip,2021-02-02,1,88,16,1.1
alenaschillerov,2021-02-01,9,291,113,4.6
AndrejBabis,2021-02-01,2,473,66,11.4
jhamacek,2021-02-01,1,19,52,9.4
tomio_cz,2021-02-01,4,229,116,6.1
alenaschillerov,2021-01-31,1,34,104,4.3
AndrejBabis,2021-01-31,3,1046,64,11
jhamacek,2021-01-31,1,61,51,9.4
tomio_cz,2021-01-31,9,691,112,5.9
alenaschillerov,2021-01-30,3,69,103,4.3
jhamacek,2021-01-30,1,109,50,9.3
KarelHavlicek_,2021-01-30,4,156,61,2.8
tomio_cz,2021-01-30,2,38,103,5.2
alenaschillerov,2021-01-29,1,8,100,4.2
KarelHavlicek_,2021-01-29,3,116,57,2.7
tomio_cz,2021-01-29,5,205,101,5.2
Vit_Rakusan,2021-01-29,1,836,19,8.8
vojtafilip,2021-01-29,2,164,15,1
alenaschillerov,2021-01-28,4,96,99,4.2
AndrejBabis,2021-01-28,1,329,61,9.9
jhamacek,2021-01-28,1,51,49,9.2
KarelHavlicek_,2021-01-28,3,80,54,2.6
tomio_cz,2021-01-28,1,190,96,5
alenaschillerov,2021-01-27,6,137,95,4.1
AndrejBabis,2021-01-27,2,231,60,9.6
jhamacek,2021-01-27,8,2379,48,9.2
tomio_cz,2021-01-27,2,213,95,4.8
Vit_Rakusan,2021-01-27,1,128,18,8
vojtafilip,2021-01-27,2,94,13,0.9
alenaschillerov,2021-01-26,4,279,89,4
AndrejBabis,2021-01-26,3,100,58,9.4
jhamacek,2021-01-26,2,179,40,6.8
KarelHavlicek_,2021-01-26,1,43,51,2.5
tomio_cz,2021-01-26,4,111,93,4.6
alenaschillerov,2021-01-25,2,53,85,3.7
AndrejBabis,2021-01-25,4,476,55,9.3
jhamacek,2021-01-25,1,499,38,6.6
KarelHavlicek_,2021-01-25,2,644,50,2.4
Vit_Rakusan,2021-01-25,2,1029,17,7.8
vojtafilip,2021-01-25,3,61,11,0.8
alenaschillerov,2021-01-24,4,147,83,3.7
AndrejBabis,2021-01-24,3,502,51,8.8
jhamacek,2021-01-24,1,117,37,6.1
KarelHavlicek_,2021-01-24,2,77,48,1.8
tomio_cz,2021-01-24,5,229,89,4.4
alenaschillerov,2021-01-23,2,77,79,3.5
jhamacek,2021-01-23,1,47,36,6
KarelHavlicek_,2021-01-23,2,89,46,1.7
tomio_cz,2021-01-23,14,351,84,4.2
alenaschillerov,2021-01-22,6,258,77,3.4
AndrejBabis,2021-01-22,1,83,48,8.3
jhamacek,2021-01-22,19,498,35,6
KarelHavlicek_,2021-01-22,2,65,44,1.6
tomio_cz,2021-01-22,1,9,70,3.9
alenaschillerov,2021-01-21,1,26,71,3.2
AndrejBabis,2021-01-21,2,568,47,8.2
jhamacek,2021-01-21,6,2765,16,5.5
KarelHavlicek_,2021-01-21,1,18,42,1.6
tomio_cz,2021-01-21,2,156,69,3.9
Vit_Rakusan,2021-01-21,2,1084,15,6.8
alenaschillerov,2021-01-20,7,289,70,3.2
AndrejBabis,2021-01-20,5,548,45,7.6
jhamacek,2021-01-20,2,188,10,2.7
KarelHavlicek_,2021-01-20,7,224,41,1.5
tomio_cz,2021-01-20,7,235,67,3.7
alenaschillerov,2021-01-19,4,134,63,2.9
AndrejBabis,2021-01-19,2,159,40,7.1
jhamacek,2021-01-19,2,1512,8,2.5
KarelHavlicek_,2021-01-19,5,162,34,1.3
tomio_cz,2021-01-19,2,26,60,3.5
vojtafilip,2021-01-19,1,45,8,0.7
alenaschillerov,2021-01-18,4,171,59,2.7
AndrejBabis,2021-01-18,4,356,38,6.9
KarelHavlicek_,2021-01-18,4,150,29,1.2
tomio_cz,2021-01-18,5,322,58,3.4
alenaschillerov,2021-01-17,3,213,55,2.6
AndrejBabis,2021-01-17,3,944,34,6.6
jhamacek,2021-01-17,2,102,6,1
KarelHavlicek_,2021-01-17,2,16,25,1
tomio_cz,2021-01-17,3,227,53,3.1
vojtafilip,2021-01-17,1,172,7,0.7
alenaschillerov,2021-01-16,1,244,52,2.3
AndrejBabis,2021-01-16,1,267,31,5.6
KarelHavlicek_,2021-01-16,1,50,23,1
tomio_cz,2021-01-16,4,277,50,2.9
Vit_Rakusan,2021-01-16,2,56,13,5.7
alenaschillerov,2021-01-15,5,149,51,2.1
AndrejBabis,2021-01-15,3,436,30,5.4
KarelHavlicek_,2021-01-15,4,126,22,0.9
tomio_cz,2021-01-15,5,159,46,2.6
Vit_Rakusan,2021-01-15,2,638,11,5.7
alenaschillerov,2021-01-14,2,61,46,2
AndrejBabis,2021-01-14,3,428,27,4.9
tomio_cz,2021-01-14,3,3,41,2.5
Vit_Rakusan,2021-01-14,1,358,9,5
alenaschillerov,2021-01-13,2,83,44,1.9
AndrejBabis,2021-01-13,6,386,24,4.5
jhamacek,2021-01-13,1,85,4,0.9
tomio_cz,2021-01-13,6,232,38,2.4
Vit_Rakusan,2021-01-13,2,796,8,4.7
alenaschillerov,2021-01-12,4,115,42,1.8
AndrejBabis,2021-01-12,2,342,18,4.1
KarelHavlicek_,2021-01-12,4,129,18,0.8
tomio_cz,2021-01-12,2,157,32,2.2
Vit_Rakusan,2021-01-12,1,1053,6,3.9
alenaschillerov,2021-01-11,6,226,38,1.7
KarelHavlicek_,2021-01-11,1,59,14,0.7
tomio_cz,2021-01-11,4,282,30,2.1
vojtafilip,2021-01-11,2,65,6,0.5
alenaschillerov,2021-01-10,3,261,32,1.5
AndrejBabis,2021-01-10,2,390,16,3.8
KarelHavlicek_,2021-01-10,1,178,13,0.6
tomio_cz,2021-01-10,1,1,26,1.8
alenaschillerov,2021-01-09,1,27,29,1.2
AndrejBabis,2021-01-09,1,64,14,3.4
jhamacek,2021-01-09,1,209,3,0.8
tomio_cz,2021-01-09,3,131,25,1.8
vojtafilip,2021-01-09,1,155,4,0.4
alenaschillerov,2021-01-08,4,149,28,1.2
KarelHavlicek_,2021-01-08,3,45,12,0.4
tomio_cz,2021-01-08,2,104,22,1.6
alenaschillerov,2021-01-07,5,178,24,1
AndrejBabis,2021-01-07,7,2038,13,3.3
jhamacek,2021-01-07,1,132,2,0.6
tomio_cz,2021-01-07,5,321,20,1.5
Vit_Rakusan,2021-01-07,2,473,5,2.8
alenaschillerov,2021-01-06,3,79,19,0.9
jhamacek,2021-01-06,1,462,1,0.5
KarelHavlicek_,2021-01-06,3,140,9,0.4
tomio_cz,2021-01-06,2,145,15,1.2
Vit_Rakusan,2021-01-06,1,469,3,2.4
vojtafilip,2021-01-06,1,21,3,0.3
alenaschillerov,2021-01-05,7,327,16,0.8
KarelHavlicek_,2021-01-05,3,113,6,0.3
tomio_cz,2021-01-05,3,287,13,1.1
alenaschillerov,2021-01-04,2,91,9,0.4
KarelHavlicek_,2021-01-04,3,145,3,0.1
tomio_cz,2021-01-04,4,273,10,0.8
vojtafilip,2021-01-04,1,19,2,0.3
alenaschillerov,2021-01-03,2,74,7,0.4
AndrejBabis,2021-01-03,2,314,6,1.3
tomio_cz,2021-01-03,3,280,6,0.5
Vit_Rakusan,2021-01-03,1,1509,2,1.9
vojtafilip,2021-01-03,1,242,1,0.2
alenaschillerov,2021-01-02,1,68,5,0.3
AndrejBabis,2021-01-02,3,625,4,1
alenaschillerov,2021-01-01,4,216,4,0.2
AndrejBabis,2021-01-01,1,333,1,0.3
tomio_cz,2021-01-01,3,234,3,0.2
Vit_Rakusan,2021-01-01,1,378,1,0.4
